word_s	pos_s	word_d	pos_d	rule_id	der_type
приязненно	adv	неприязненно	adv	rule992(не + adv -> adv)	PFX
радушно	adv	нерадушно	adv	rule992(не + adv -> adv)	PFX
продолжительно	adv	непродолжительно	adv	rule992(не + adv -> adv)	PFX
патриотично	adv	непатриотично	adv	rule992(не + adv -> adv)	PFX
плодотворно	adv	неплодотворно	adv	rule992(не + adv -> adv)	PFX
просто	adv	простовато	adv	rule988(adv + овато -> adv)	SFX
просто	adv	простенько	adv	rule989(adv + онько -> adv)	SFX
просто	adv	непросто	adv	rule992(не + adv -> adv)	PFX
просто	adv	запросто	adv	rule993(за + adv -> adv)	PFX
просто	adv	попросту	adv	rule1022(по + adv + у -> adv)	PFX,SFX
ограниченно	adv	неограниченно	adv	rule992(не + adv -> adv)	PFX
вдали	adv	невдали	adv	rule992(не + adv -> adv)	PFX
тайно	adv	потайно	adv	rule993(по + adv -> adv)	PFX
тайно	adv	стайно	adv	rule993(с + adv -> adv)	PFX
бесплатно	adv	забесплатно	adv	rule993(за + adv -> adv)	PFX
бегом	adv	набегом	adv	rule993(на + adv -> adv)	PFX
ново	adv	заново	adv	rule993(за + adv -> adv)	PFX
ново	adv	наново	adv	rule993(на + adv -> adv)	PFX
розно	adv	нарозно	adv	rule993(на + adv -> adv)	PFX
слаженно	adv	неслаженно	adv	rule992(не + adv -> adv)	PFX
координированно	adv	скоординированно	adv	rule993(с + adv -> adv)	PFX
безучастно	adv	небезучастно	adv	rule992(не + adv -> adv)	PFX
робко	adv	робковато	adv	rule988(adv + овато -> adv)	SFX
плохо	adv	плоховато	adv	rule988(adv + овато -> adv)	SFX
плохо	adv	плохонько	adv	rule989(adv + онько -> adv)	SFX
плохо	adv	плохенько	adv	rule989(adv + онько -> adv)	SFX
плохо	adv	неплохо	adv	rule992(не + adv -> adv)	PFX
великодушно	adv	невеликодушно	adv	rule992(не + adv -> adv)	PFX
лестно	adv	нелестно	adv	rule992(не + adv -> adv)	PFX
воздержанно	adv	невоздержанно	adv	rule992(не + adv -> adv)	PFX
честно	adv	нечестно	adv	rule992(не + adv -> adv)	PFX
измала	adv	сызмала	adv	rule993(с + adv -> adv)	PFX
переносимо	adv	непереносимо	adv	rule992(не + adv -> adv)	PFX
изменно	adv	неизменно	adv	rule992(не + adv -> adv)	PFX
соразмерно	adv	несоразмерно	adv	rule992(не + adv -> adv)	PFX
мелко	adv	мелковато	adv	rule988(adv + овато -> adv)	SFX
мелко	adv	меленько	adv	rule989(adv + онько -> adv)	SFX
грустно	adv	грустновато	adv	rule988(adv + овато -> adv)	SFX
бело	adv	набело	adv	rule993(на + adv -> adv)	PFX
счастливо	adv	несчастливо	adv	rule992(не + adv -> adv)	PFX
уравновешенно	adv	неуравновешенно	adv	rule992(не + adv -> adv)	PFX
лучисто	adv	излучисто	adv	rule993(из + adv -> adv)	PFX
весело	adv	невесело	adv	rule992(не + adv -> adv)	PFX
широко	adv	широковато	adv	rule988(adv + овато -> adv)	SFX
широко	adv	нешироко	adv	rule992(не + adv -> adv)	PFX
ясно	adv	ясненько	adv	rule989(adv + онько -> adv)	SFX
ясно	adv	неясно	adv	rule992(не + adv -> adv)	PFX
ясно	adv	поясно	adv	rule993(по + adv -> adv)	PFX
отрицательно	adv	неотрицательно	adv	rule992(не + adv -> adv)	PFX
симметрично	adv	несимметрично	adv	rule992(не + adv -> adv)	PFX
привлекательно	adv	непривлекательно	adv	rule992(не + adv -> adv)	PFX
чисто	adv	чистенько	adv	rule989(adv + онько -> adv)	SFX
чисто	adv	нечисто	adv	rule992(не + adv -> adv)	PFX
чисто	adv	начисто	adv	rule993(на + adv -> adv)	PFX
уютно	adv	уютненько	adv	rule989(adv + онько -> adv)	SFX
уютно	adv	неуютно	adv	rule992(не + adv -> adv)	PFX
молодо	adv	немолодо	adv	rule992(не + adv -> adv)	PFX
навязчиво	adv	ненавязчиво	adv	rule992(не + adv -> adv)	PFX
счётно	adv	несчётно	adv	rule992(не + adv -> adv)	PFX
модно	adv	немодно	adv	rule992(не + adv -> adv)	PFX
дале	adv	подале	adv	rule993(по + adv -> adv)	PFX
учтиво	adv	неучтиво	adv	rule992(не + adv -> adv)	PFX
шире	adv	пошире	adv	rule993(по + adv -> adv)	PFX
грязно	adv	грязновато	adv	rule988(adv + овато -> adv)	SFX
грязно	adv	грязненько	adv	rule989(adv + онько -> adv)	SFX
остро	adv	остренько	adv	rule989(adv + онько -> adv)	SFX
рядно	adv	нарядно	adv	rule993(на + adv -> adv)	PFX
рядно	adv	изрядно	adv	rule993(из + adv -> adv)	PFX
шуточно	adv	нешуточно	adv	rule992(не + adv -> adv)	PFX
обязательно	adv	необязательно	adv	rule992(не + adv -> adv)	PFX
маленько	adv	помаленьку	adv	rule1022(по + adv + у -> adv)	PFX,SFX
свежо	adv	свежевато	adv	rule988(adv + овато -> adv)	SFX
свежо	adv	насвежо	adv	rule993(на + adv -> adv)	PFX
податливо	adv	неподатливо	adv	rule992(не + adv -> adv)	PFX
противно	adv	непротивно	adv	rule992(не + adv -> adv)	PFX
выгодно	adv	невыгодно	adv	rule992(не + adv -> adv)	PFX
легонечко	adv	полегонечку	adv	rule1022(по + adv + у -> adv)	PFX,SFX
добро	adv	добренько	adv	rule989(adv + онько -> adv)	SFX
добро	adv	недобро	adv	rule992(не + adv -> adv)	PFX
добро	adv	подобру	adv	rule1022(по + adv + у -> adv)	PFX,SFX
подходяще	adv	неподходяще	adv	rule992(не + adv -> adv)	PFX
ритмично	adv	неритмично	adv	rule992(не + adv -> adv)	PFX
гибельно	adv	погибельно	adv	rule993(по + adv -> adv)	PFX
броско	adv	неброско	adv	rule992(не + adv -> adv)	PFX
днесь	adv	доднесь	adv	rule993(до + adv -> adv)	PFX
днесь	adv	поднесь	adv	rule993(по + adv -> adv)	PFX
проворно	adv	непроворно	adv	rule992(не + adv -> adv)	PFX
бесспорно	adv	небесспорно	adv	rule992(не + adv -> adv)	PFX
недурно	adv	недурненько	adv	rule989(adv + онько -> adv)	SFX
дружно	adv	недружно	adv	rule992(не + adv -> adv)	PFX
долго	adv	долговато	adv	rule988(adv + овато -> adv)	SFX
долго	adv	долгонько	adv	rule989(adv + онько -> adv)	SFX
долго	adv	недолго	adv	rule992(не + adv -> adv)	PFX
долго	adv	задолго	adv	rule993(за + adv -> adv)	PFX
долго	adv	надолго	adv	rule993(на + adv -> adv)	PFX
долго	adv	подолгу	adv	rule1022(по + adv + у -> adv)	PFX,SFX
жирно	adv	жирненько	adv	rule989(adv + онько -> adv)	SFX
жирно	adv	нежирно	adv	rule992(не + adv -> adv)	PFX
штатно	adv	нештатно	adv	rule992(не + adv -> adv)	PFX
штатно	adv	поштатно	adv	rule993(по + adv -> adv)	PFX
умно	adv	умненько	adv	rule989(adv + онько -> adv)	SFX
умно	adv	неумно	adv	rule992(не + adv -> adv)	PFX
умно	adv	заумно	adv	rule993(за + adv -> adv)	PFX
мутно	adv	мутновато	adv	rule988(adv + овато -> adv)	SFX
мутно	adv	смутно	adv	rule993(с + adv -> adv)	PFX
нагло	adv	нагловато	adv	rule988(adv + овато -> adv)	SFX
официально	adv	неофициально	adv	rule992(не + adv -> adv)	PFX
формально	adv	неформально	adv	rule992(не + adv -> adv)	PFX
определительно	adv	неопределительно	adv	rule992(не + adv -> adv)	PFX
споро	adv	неспоро	adv	rule992(не + adv -> adv)	PFX
красно	adv	красновато	adv	rule988(adv + овато -> adv)	SFX
крепко	adv	крепковато	adv	rule988(adv + овато -> adv)	SFX
крепко	adv	крепенько	adv	rule989(adv + онько -> adv)	SFX
крепко	adv	некрепко	adv	rule992(не + adv -> adv)	PFX
крепко	adv	накрепко	adv	rule993(на + adv -> adv)	PFX
временно	adv	повременно	adv	rule993(по + adv -> adv)	PFX
женственно	adv	неженственно	adv	rule992(не + adv -> adv)	PFX
нароком	adv	ненароком	adv	rule992(не + adv -> adv)	PFX
приветно	adv	неприветно	adv	rule992(не + adv -> adv)	PFX
радостно	adv	нерадостно	adv	rule992(не + adv -> adv)	PFX
переменно	adv	попеременно	adv	rule993(по + adv -> adv)	PFX
пригоже	adv	непригоже	adv	rule992(не + adv -> adv)	PFX
концентрированно	adv	сконцентрированно	adv	rule993(с + adv -> adv)	PFX
безынтересно	adv	небезынтересно	adv	rule992(не + adv -> adv)	PFX
медленнее	adv	помедленнее	adv	rule993(по + adv -> adv)	PFX
окончательно	adv	неокончательно	adv	rule992(не + adv -> adv)	PFX
врозь	adv	поврозь	adv	rule993(по + adv -> adv)	PFX
норовисто	adv	сноровисто	adv	rule993(с + adv -> adv)	PFX
внутрь	adv	вовнутрь	adv	rule993(во + adv -> adv)	PFX
интересно	adv	неинтересно	adv	rule992(не + adv -> adv)	PFX
дипломатично	adv	недипломатично	adv	rule992(не + adv -> adv)	PFX
озорно	adv	озорновато	adv	rule988(adv + овато -> adv)	SFX
благовременно	adv	неблаговременно	adv	rule992(не + adv -> adv)	PFX
благовременно	adv	заблаговременно	adv	rule993(за + adv -> adv)	PFX
доверчиво	adv	недоверчиво	adv	rule992(не + adv -> adv)	PFX
безосновательно	adv	небезосновательно	adv	rule992(не + adv -> adv)	PFX
рано	adv	рановато	adv	rule988(adv + овато -> adv)	SFX
рано	adv	раненько	adv	rule989(adv + онько -> adv)	SFX
сладко	adv	сладковато	adv	rule988(adv + овато -> adv)	SFX
сладко	adv	сладенько	adv	rule989(adv + онько -> adv)	SFX
сладко	adv	несладко	adv	rule992(не + adv -> adv)	PFX
кратко	adv	кратенько	adv	rule989(adv + онько -> adv)	SFX
гигиенично	adv	негигиенично	adv	rule992(не + adv -> adv)	PFX
вовремя	adv	невовремя	adv	rule992(не + adv -> adv)	PFX
существенно	adv	несущественно	adv	rule992(не + adv -> adv)	PFX
внутри	adv	извнутри	adv	rule993(из + adv -> adv)	PFX
зависимо	adv	независимо	adv	rule992(не + adv -> adv)	PFX
подвижно	adv	неподвижно	adv	rule992(не + adv -> adv)	PFX
вежливо	adv	вежливенько	adv	rule989(adv + онько -> adv)	SFX
вежливо	adv	невежливо	adv	rule992(не + adv -> adv)	PFX
сдержанно	adv	несдержанно	adv	rule992(не + adv -> adv)	PFX
терпимо	adv	нетерпимо	adv	rule992(не + adv -> adv)	PFX
безразлично	adv	небезразлично	adv	rule992(не + adv -> adv)	PFX
похвально	adv	непохвально	adv	rule992(не + adv -> adv)	PFX
практично	adv	непрактично	adv	rule992(не + adv -> adv)	PFX
бесплодно	adv	небесплодно	adv	rule992(не + adv -> adv)	PFX
прицельно	adv	неприцельно	adv	rule992(не + adv -> adv)	PFX
супротив	adv	насупротив	adv	rule993(на + adv -> adv)	PFX
свободно	adv	несвободно	adv	rule992(не + adv -> adv)	PFX
искренне	adv	неискренне	adv	rule992(не + adv -> adv)	PFX
пусто	adv	пустовато	adv	rule988(adv + овато -> adv)	SFX
пусто	adv	пустенько	adv	rule989(adv + онько -> adv)	SFX
пусто	adv	попусту	adv	rule1022(по + adv + у -> adv)	PFX,SFX
безукоризненно	adv	небезукоризненно	adv	rule992(не + adv -> adv)	PFX
тухло	adv	тухловато	adv	rule988(adv + овато -> adv)	SFX
прежде	adv	допрежде	adv	rule993(до + adv -> adv)	PFX
немного	adv	понемногу	adv	rule1022(по + adv + у -> adv)	PFX,SFX
обратимо	adv	необратимо	adv	rule992(не + adv -> adv)	PFX
трезво	adv	нетрезво	adv	rule992(не + adv -> adv)	PFX
вечно	adv	навечно	adv	rule993(на + adv -> adv)	PFX
вечно	adv	извечно	adv	rule993(из + adv -> adv)	PFX
ожидаемо	adv	неожидаемо	adv	rule992(не + adv -> adv)	PFX
естественно	adv	неестественно	adv	rule992(не + adv -> adv)	PFX
терпеливо	adv	нетерпеливо	adv	rule992(не + adv -> adv)	PFX
семейно	adv	посемейно	adv	rule993(по + adv -> adv)	PFX
семью	adv	восемью	adv	rule993(во + adv -> adv)	PFX
забвенно	adv	незабвенно	adv	rule992(не + adv -> adv)	PFX
томно	adv	истомно	adv	rule993(из + adv -> adv)	PFX
безгрешно	adv	небезгрешно	adv	rule992(не + adv -> adv)	PFX
печатно	adv	непечатно	adv	rule992(не + adv -> adv)	PFX
надёжно	adv	ненадёжно	adv	rule992(не + adv -> adv)	PFX
хило	adv	нехило	adv	rule992(не + adv -> adv)	PFX
однозначно	adv	неоднозначно	adv	rule992(не + adv -> adv)	PFX
лицемерно	adv	нелицемерно	adv	rule992(не + adv -> adv)	PFX
рано-рано	adv	рано-раненько	adv	rule989(adv + онько -> adv)	SFX
завидно	adv	незавидно	adv	rule992(не + adv -> adv)	PFX
церемонно	adv	нецеремонно	adv	rule992(не + adv -> adv)	PFX
прилично	adv	неприлично	adv	rule992(не + adv -> adv)	PFX
корыстно	adv	некорыстно	adv	rule992(не + adv -> adv)	PFX
политично	adv	неполитично	adv	rule992(не + adv -> adv)	PFX
прочно	adv	непрочно	adv	rule992(не + adv -> adv)	PFX
прочно	adv	напрочно	adv	rule993(на + adv -> adv)	PFX
предумышленно	adv	непредумышленно	adv	rule992(не + adv -> adv)	PFX
покойно	adv	непокойно	adv	rule992(не + adv -> adv)	PFX
покойно	adv	спокойно	adv	rule993(с + adv -> adv)	PFX
допустимо	adv	недопустимо	adv	rule992(не + adv -> adv)	PFX
равнодушно	adv	неравнодушно	adv	rule992(не + adv -> adv)	PFX
удовлетворительно	adv	неудовлетворительно	adv	rule992(не + adv -> adv)	PFX
тяжело	adv	тяжеловато	adv	rule988(adv + овато -> adv)	SFX
тяжело	adv	тяжеленько	adv	rule989(adv + онько -> adv)	SFX
тяжело	adv	нетяжело	adv	rule992(не + adv -> adv)	PFX
организованно	adv	неорганизованно	adv	rule992(не + adv -> adv)	PFX
назойливо	adv	неназойливо	adv	rule992(не + adv -> adv)	PFX
больше	adv	побольше	adv	rule993(по + adv -> adv)	PFX
сейчас	adv	посейчас	adv	rule993(по + adv -> adv)	PFX
легонько	adv	полегоньку	adv	rule1022(по + adv + у -> adv)	PFX,SFX
далече	adv	недалече	adv	rule992(не + adv -> adv)	PFX
далече	adv	издалече	adv	rule993(из + adv -> adv)	PFX
издавна	adv	сыздавна	adv	rule993(с + adv -> adv)	PFX
более	adv	поболее	adv	rule993(по + adv -> adv)	PFX
безупречно	adv	небезупречно	adv	rule992(не + adv -> adv)	PFX
легче	adv	полегче	adv	rule993(по + adv -> adv)	PFX
критически	adv	некритически	adv	rule992(не + adv -> adv)	PFX
определённо	adv	неопределённо	adv	rule992(не + adv -> adv)	PFX
полностью	adv	неполностью	adv	rule992(не + adv -> adv)	PFX
сипло	adv	сипловато	adv	rule988(adv + овато -> adv)	SFX
демократично	adv	недемократично	adv	rule992(не + adv -> adv)	PFX
быстро	adv	быстренько	adv	rule989(adv + онько -> adv)	SFX
быстро	adv	небыстро	adv	rule992(не + adv -> adv)	PFX
переносно	adv	непереносно	adv	rule992(не + adv -> adv)	PFX
твёрдо	adv	нетвёрдо	adv	rule992(не + adv -> adv)	PFX
детально	adv	подетально	adv	rule993(по + adv -> adv)	PFX
пополам	adv	напополам	adv	rule993(на + adv -> adv)	PFX
верно	adv	неверно	adv	rule992(не + adv -> adv)	PFX
верно	adv	наверно	adv	rule993(на + adv -> adv)	PFX
продуктивно	adv	непродуктивно	adv	rule992(не + adv -> adv)	PFX
постоянно	adv	непостоянно	adv	rule992(не + adv -> adv)	PFX
заслуженно	adv	незаслуженно	adv	rule992(не + adv -> adv)	PFX
встречу	adv	навстречу	adv	rule993(на + adv -> adv)	PFX
плотно	adv	плотненько	adv	rule989(adv + онько -> adv)	SFX
плотно	adv	неплотно	adv	rule992(не + adv -> adv)	PFX
плотно	adv	наплотно	adv	rule993(на + adv -> adv)	PFX
общительно	adv	необщительно	adv	rule992(не + adv -> adv)	PFX
уступчиво	adv	неуступчиво	adv	rule992(не + adv -> adv)	PFX
дельно	adv	отдельно	adv	rule993(от + adv -> adv)	PFX
дельно	adv	издельно	adv	rule993(из + adv -> adv)	PFX
дельно	adv	сдельно	adv	rule993(с + adv -> adv)	PFX
знакомо	adv	незнакомо	adv	rule992(не + adv -> adv)	PFX
богато	adv	богатенько	adv	rule989(adv + онько -> adv)	SFX
богато	adv	небогато	adv	rule992(не + adv -> adv)	PFX
дико	adv	диковато	adv	rule988(adv + овато -> adv)	SFX
вдалеке	adv	невдалеке	adv	rule992(не + adv -> adv)	PFX
отвязно	adv	неотвязно	adv	rule992(не + adv -> adv)	PFX
заметно	adv	незаметно	adv	rule992(не + adv -> adv)	PFX
приятно	adv	приятненько	adv	rule989(adv + онько -> adv)	SFX
приятно	adv	неприятно	adv	rule992(не + adv -> adv)	PFX
смело	adv	несмело	adv	rule992(не + adv -> adv)	PFX
оправданно	adv	неоправданно	adv	rule992(не + adv -> adv)	PFX
всеместно	adv	повсеместно	adv	rule993(по + adv -> adv)	PFX
устно	adv	изустно	adv	rule993(из + adv -> adv)	PFX
любо	adv	полюбу	adv	rule1022(по + adv + у -> adv)	PFX,SFX
устойчиво	adv	неустойчиво	adv	rule992(не + adv -> adv)	PFX
рационально	adv	нерационально	adv	rule992(не + adv -> adv)	PFX
катом	adv	накатом	adv	rule993(на + adv -> adv)	PFX
предусмотрительно	adv	непредусмотрительно	adv	rule992(не + adv -> adv)	PFX
безрезультатно	adv	небезрезультатно	adv	rule992(не + adv -> adv)	PFX
век	adv	вовек	adv	rule993(во + adv -> adv)	PFX
век	adv	навек	adv	rule993(на + adv -> adv)	PFX
жизненно	adv	нежизненно	adv	rule992(не + adv -> adv)	PFX
жизненно	adv	пожизненно	adv	rule993(по + adv -> adv)	PFX
раздельно	adv	нераздельно	adv	rule992(не + adv -> adv)	PFX
симпатично	adv	несимпатично	adv	rule992(не + adv -> adv)	PFX
тускло	adv	тускловато	adv	rule988(adv + овато -> adv)	SFX
пошло	adv	пошловато	adv	rule988(adv + овато -> adv)	SFX
бойко	adv	небойко	adv	rule992(не + adv -> adv)	PFX
ехидно	adv	ехидненько	adv	rule989(adv + онько -> adv)	SFX
бедно	adv	бедненько	adv	rule989(adv + онько -> adv)	SFX
бедно	adv	победно	adv	rule993(по + adv -> adv)	PFX
доброкачественно	adv	недоброкачественно	adv	rule992(не + adv -> adv)	PFX
благонравно	adv	неблагонравно	adv	rule992(не + adv -> adv)	PFX
горе	adv	горюха	noun	rule376(noun + уш(а)/юш(а)/ушк(а) -> noun)	SFX
горе	adv	горюша	noun	rule376(noun + уш(а)/юш(а)/ушк(а) -> noun)	SFX
горе	adv	горюн	noun	rule379(noun + ун -> noun)	SFX
мило	adv	миленько	adv	rule989(adv + онько -> adv)	SFX
мило	adv	немило	adv	rule992(не + adv -> adv)	PFX
обоснованно	adv	необоснованно	adv	rule992(не + adv -> adv)	PFX
талантливо	adv	неталантливо	adv	rule992(не + adv -> adv)	PFX
хрипло	adv	хрипловато	adv	rule988(adv + овато -> adv)	SFX
ярко	adv	неярко	adv	rule992(не + adv -> adv)	PFX
душно	adv	душновато	adv	rule988(adv + овато -> adv)	SFX
душно	adv	подушно	adv	rule993(по + adv -> adv)	PFX
долговечно	adv	недолговечно	adv	rule992(не + adv -> adv)	PFX
скрозь	adv	наскрозь	adv	rule993(на + adv -> adv)	PFX
равномерно	adv	неравномерно	adv	rule992(не + adv -> adv)	PFX
понятно	adv	понятненько	adv	rule989(adv + онько -> adv)	SFX
понятно	adv	непонятно	adv	rule992(не + adv -> adv)	PFX
доходчиво	adv	недоходчиво	adv	rule992(не + adv -> adv)	PFX
достоверно	adv	недостоверно	adv	rule992(не + adv -> adv)	PFX
далёко	adv	недалёко	adv	rule992(не + adv -> adv)	PFX
доступно	adv	недоступно	adv	rule992(не + adv -> adv)	PFX
узко	adv	узковато	adv	rule988(adv + овато -> adv)	SFX
узко	adv	узенько	adv	rule989(adv + онько -> adv)	SFX
искренно	adv	неискренно	adv	rule992(не + adv -> adv)	PFX
разумно	adv	неразумно	adv	rule992(не + adv -> adv)	PFX
безвыгодно	adv	небезвыгодно	adv	rule992(не + adv -> adv)	PFX
приглядно	adv	неприглядно	adv	rule992(не + adv -> adv)	PFX
актуально	adv	неактуально	adv	rule992(не + adv -> adv)	PFX
легально	adv	нелегально	adv	rule992(не + adv -> adv)	PFX
мокро	adv	мокровато	adv	rule988(adv + овато -> adv)	SFX
мокро	adv	мокренько	adv	rule989(adv + онько -> adv)	SFX
синхронно	adv	несинхронно	adv	rule992(не + adv -> adv)	PFX
похоже	adv	непохоже	adv	rule992(не + adv -> adv)	PFX
мощно	adv	немощно	adv	rule992(не + adv -> adv)	PFX
кучно	adv	докучно	adv	rule993(до + adv -> adv)	PFX
кучно	adv	скучно	adv	rule993(с + adv -> adv)	PFX
щедро	adv	нещедро	adv	rule992(не + adv -> adv)	PFX
критично	adv	некритично	adv	rule992(не + adv -> adv)	PFX
степенно	adv	постепенно	adv	rule993(по + adv -> adv)	PFX
серийно	adv	несерийно	adv	rule992(не + adv -> adv)	PFX
благовидно	adv	неблаговидно	adv	rule992(не + adv -> adv)	PFX
тонко	adv	тоненько	adv	rule989(adv + онько -> adv)	SFX
тонко	adv	натонко	adv	rule993(на + adv -> adv)	PFX
древле	adv	издревле	adv	rule993(из + adv -> adv)	PFX
страшно	adv	страшненько	adv	rule989(adv + онько -> adv)	SFX
страшно	adv	нестрашно	adv	rule992(не + adv -> adv)	PFX
вчера	adv	позавчера	adv	rule993(поза + adv -> adv)	PFX
тихонько	adv	потихоньку	adv	rule1022(по + adv + у -> adv)	PFX,SFX
дорогой	adv	дороговизна	noun	rule323(adj + изн(а)/овизн(а) -> noun)	SFX
тихонечко	adv	потихонечку	adv	rule1022(по + adv + у -> adv)	PFX,SFX
истово	adv	неистово	adv	rule992(не + adv -> adv)	PFX
типично	adv	нетипично	adv	rule992(не + adv -> adv)	PFX
занимательно	adv	незанимательно	adv	rule992(не + adv -> adv)	PFX
громко	adv	негромко	adv	rule992(не + adv -> adv)	PFX
приветливо	adv	неприветливо	adv	rule992(не + adv -> adv)	PFX
регулярно	adv	нерегулярно	adv	rule992(не + adv -> adv)	PFX
родясь	adv	отродясь	adv	rule993(от + adv -> adv)	PFX
умышленно	adv	неумышленно	adv	rule992(не + adv -> adv)	PFX
резонно	adv	нерезонно	adv	rule992(не + adv -> adv)	PFX
глубоко	adv	глубоконько	adv	rule989(adv + онько -> adv)	SFX
глубоко	adv	неглубоко	adv	rule992(не + adv -> adv)	PFX
опасно	adv	неопасно	adv	rule992(не + adv -> adv)	PFX
мятежно	adv	немятежно	adv	rule992(не + adv -> adv)	PFX
понимающе	adv	непонимающе	adv	rule992(не + adv -> adv)	PFX
грубо	adv	грубовато	adv	rule988(adv + овато -> adv)	SFX
двусмысленно	adv	недвусмысленно	adv	rule992(не + adv -> adv)	PFX
сознательно	adv	несознательно	adv	rule992(не + adv -> adv)	PFX
замысловато	adv	незамысловато	adv	rule992(не + adv -> adv)	PFX
голо	adv	головато	adv	rule988(adv + овато -> adv)	SFX
голо	adv	наголо	adv	rule993(на + adv -> adv)	PFX
раньше	adv	пораньше	adv	rule993(по + adv -> adv)	PFX
шибко	adv	нешибко	adv	rule992(не + adv -> adv)	PFX
адекватно	adv	неадекватно	adv	rule992(не + adv -> adv)	PFX
эмоционально	adv	неэмоционально	adv	rule992(не + adv -> adv)	PFX
скупо	adv	скуповато	adv	rule988(adv + овато -> adv)	SFX
притворно	adv	непритворно	adv	rule992(не + adv -> adv)	PFX
гостеприимно	adv	негостеприимно	adv	rule992(не + adv -> adv)	PFX
интеллигентно	adv	неинтеллигентно	adv	rule992(не + adv -> adv)	PFX
цело	adv	нацело	adv	rule993(на + adv -> adv)	PFX
дороже	adv	подороже	adv	rule993(по + adv -> adv)	PFX
правдоподобно	adv	неправдоподобно	adv	rule992(не + adv -> adv)	PFX
самостоятельно	adv	несамостоятельно	adv	rule992(не + adv -> adv)	PFX
хорошо	adv	хорошенько	adv	rule989(adv + онько -> adv)	SFX
хорошо	adv	нехорошо	adv	rule992(не + adv -> adv)	PFX
удачливо	adv	неудачливо	adv	rule992(не + adv -> adv)	PFX
заинтересованно	adv	незаинтересованно	adv	rule992(не + adv -> adv)	PFX
беспристрастно	adv	небеспристрастно	adv	rule992(не + adv -> adv)	PFX
пьяно	adv	пьяновато	adv	rule988(adv + овато -> adv)	SFX
пьяно	adv	пьяненько	adv	rule989(adv + онько -> adv)	SFX
криво	adv	кривовато	adv	rule988(adv + овато -> adv)	SFX
криво	adv	кривенько	adv	rule989(adv + онько -> adv)	SFX
изысканно	adv	неизысканно	adv	rule992(не + adv -> adv)	PFX
надлежаще	adv	ненадлежаще	adv	rule992(не + adv -> adv)	PFX
привычно	adv	непривычно	adv	rule992(не + adv -> adv)	PFX
воздержно	adv	невоздержно	adv	rule992(не + adv -> adv)	PFX
законно	adv	незаконно	adv	rule992(не + adv -> adv)	PFX
злобно	adv	незлобно	adv	rule992(не + adv -> adv)	PFX
отвратно	adv	неотвратно	adv	rule992(не + adv -> adv)	PFX
посильно	adv	непосильно	adv	rule992(не + adv -> adv)	PFX
правосудно	adv	неправосудно	adv	rule992(не + adv -> adv)	PFX
утешительно	adv	неутешительно	adv	rule992(не + adv -> adv)	PFX
дольше	adv	подольше	adv	rule993(по + adv -> adv)	PFX
благонадёжно	adv	неблагонадёжно	adv	rule992(не + adv -> adv)	PFX
серо	adv	серовато	adv	rule988(adv + овато -> adv)	SFX
серо	adv	серенько	adv	rule989(adv + онько -> adv)	SFX
гораздо	adv	негораздо	adv	rule992(не + adv -> adv)	PFX
благодарно	adv	неблагодарно	adv	rule992(не + adv -> adv)	PFX
затейно	adv	незатейно	adv	rule992(не + adv -> adv)	PFX
исправно	adv	неисправно	adv	rule992(не + adv -> adv)	PFX
суетливо	adv	несуетливо	adv	rule992(не + adv -> adv)	PFX
ране	adv	рановато	adv	rule988(adv + овато -> adv)	SFX
ране	adv	раненько	adv	rule989(adv + онько -> adv)	SFX
ране	adv	заране	adv	rule993(за + adv -> adv)	PFX
ране	adv	наране	adv	rule993(на + adv -> adv)	PFX
славно	adv	славненько	adv	rule989(adv + онько -> adv)	SFX
суточно	adv	посуточно	adv	rule993(по + adv -> adv)	PFX
благосклонно	adv	неблагосклонно	adv	rule992(не + adv -> adv)	PFX
тайком	adv	потайком	adv	rule993(по + adv -> adv)	PFX
сильно	adv	несильно	adv	rule992(не + adv -> adv)	PFX
сильно	adv	насильно	adv	rule993(на + adv -> adv)	PFX
сильно	adv	посильно	adv	rule993(по + adv -> adv)	PFX
повинно	adv	неповинно	adv	rule992(не + adv -> adv)	PFX
благообразно	adv	неблагообразно	adv	rule992(не + adv -> adv)	PFX
средне	adv	средненько	adv	rule989(adv + онько -> adv)	SFX
вседневно	adv	повседневно	adv	rule993(по + adv -> adv)	PFX
прямо	adv	пряменько	adv	rule989(adv + онько -> adv)	SFX
прямо	adv	непрямо	adv	rule992(не + adv -> adv)	PFX
объективно	adv	необъективно	adv	rule992(не + adv -> adv)	PFX
кузяво	adv	некузяво	adv	rule992(не + adv -> adv)	PFX
культурно	adv	культурненько	adv	rule989(adv + онько -> adv)	SFX
культурно	adv	некультурно	adv	rule992(не + adv -> adv)	PFX
опрятно	adv	неопрятно	adv	rule992(не + adv -> adv)	PFX
сквозь	adv	насквозь	adv	rule993(на + adv -> adv)	PFX
осознанно	adv	неосознанно	adv	rule992(не + adv -> adv)	PFX
покорно	adv	непокорно	adv	rule992(не + adv -> adv)	PFX
редко	adv	реденько	adv	rule989(adv + онько -> adv)	SFX
редко	adv	нередко	adv	rule992(не + adv -> adv)	PFX
нежно	adv	нежненько	adv	rule989(adv + онько -> adv)	SFX
нежно	adv	снежно	adv	rule993(с + adv -> adv)	PFX
куда	adv	покуда	adv	rule993(по + adv -> adv)	PFX
куда	adv	откуда	adv	rule993(от + adv -> adv)	PFX
дисциплинированно	adv	недисциплинированно	adv	rule992(не + adv -> adv)	PFX
логично	adv	нелогично	adv	rule992(не + adv -> adv)	PFX
благовоспитанно	adv	неблаговоспитанно	adv	rule992(не + adv -> adv)	PFX
мирно	adv	немирно	adv	rule992(не + adv -> adv)	PFX
мирно	adv	смирно	adv	rule993(с + adv -> adv)	PFX
угодно	adv	неугодно	adv	rule992(не + adv -> adv)	PFX
косо	adv	косовато	adv	rule988(adv + овато -> adv)	SFX
косо	adv	косенько	adv	rule989(adv + онько -> adv)	SFX
согласно	adv	несогласно	adv	rule992(не + adv -> adv)	PFX
хреново	adv	хреновенько	adv	rule989(adv + онько -> adv)	SFX
основательно	adv	неосновательно	adv	rule992(не + adv -> adv)	PFX
оригинально	adv	неоригинально	adv	rule992(не + adv -> adv)	PFX
дурно	adv	недурно	adv	rule992(не + adv -> adv)	PFX
льготно	adv	вольготно	adv	rule993(во + adv -> adv)	PFX
убедительно	adv	неубедительно	adv	rule992(не + adv -> adv)	PFX
корректно	adv	некорректно	adv	rule992(не + adv -> adv)	PFX
ложно	adv	неложно	adv	rule992(не + adv -> adv)	PFX
ложно	adv	сложно	adv	rule993(с + adv -> adv)	PFX
успешно	adv	неуспешно	adv	rule992(не + adv -> adv)	PFX
деликатно	adv	неделикатно	adv	rule992(не + adv -> adv)	PFX
внимательно	adv	невнимательно	adv	rule992(не + adv -> adv)	PFX
приметно	adv	неприметно	adv	rule992(не + adv -> adv)	PFX
достаточно	adv	недостаточно	adv	rule992(не + adv -> adv)	PFX
темно	adv	темненько	adv	rule989(adv + онько -> adv)	SFX
темно	adv	затемно	adv	rule993(за + adv -> adv)	PFX
темно	adv	потемну	adv	rule1022(по + adv + у -> adv)	PFX,SFX
штучно	adv	поштучно	adv	rule993(по + adv -> adv)	PFX
вне	adv	вовне	adv	rule993(во + adv -> adv)	PFX
вне	adv	извне	adv	rule993(из + adv -> adv)	PFX
блаженно	adv	блаженненько	adv	rule989(adv + онько -> adv)	SFX
благополучно	adv	неблагополучно	adv	rule992(не + adv -> adv)	PFX
продуманно	adv	непродуманно	adv	rule992(не + adv -> adv)	PFX
дробно	adv	дробненько	adv	rule989(adv + онько -> adv)	SFX
дробно	adv	подробно	adv	rule993(по + adv -> adv)	PFX
целесообразно	adv	нецелесообразно	adv	rule992(не + adv -> adv)	PFX
свойственно	adv	несвойственно	adv	rule992(не + adv -> adv)	PFX
разборчиво	adv	неразборчиво	adv	rule992(не + adv -> adv)	PFX
хмуро	adv	хмуровато	adv	rule988(adv + овато -> adv)	SFX
солидарно	adv	несолидарно	adv	rule992(не + adv -> adv)	PFX
компетентно	adv	некомпетентно	adv	rule992(не + adv -> adv)	PFX
популярно	adv	непопулярно	adv	rule992(не + adv -> adv)	PFX
добросовестно	adv	недобросовестно	adv	rule992(не + adv -> adv)	PFX
смерть	adv	смертельный	adj	rule619(noun + н1(ый) -> adj)	SFX
смерть	adv	насмерть	adv	rule993(на + adv -> adv)	PFX
качественно	adv	некачественно	adv	rule992(не + adv -> adv)	PFX
сезонно	adv	посезонно	adv	rule993(по + adv -> adv)	PFX
безболезненно	adv	небезболезненно	adv	rule992(не + adv -> adv)	PFX
зря	adv	зазря	adv	rule993(за + adv -> adv)	PFX
реже	adv	пореже	adv	rule993(по + adv -> adv)	PFX
коротко	adv	коротковато	adv	rule988(adv + овато -> adv)	SFX
коротко	adv	коротенько	adv	rule989(adv + онько -> adv)	SFX
коротко	adv	накоротко	adv	rule993(на + adv -> adv)	PFX
мрачно	adv	мрачновато	adv	rule988(adv + овато -> adv)	SFX
стандартно	adv	нестандартно	adv	rule992(не + adv -> adv)	PFX
уместно	adv	неуместно	adv	rule992(не + adv -> adv)	PFX
упорядоченно	adv	неупорядоченно	adv	rule992(не + adv -> adv)	PFX
преспокойно	adv	преспокойненько	adv	rule989(adv + онько -> adv)	SFX
блестяще	adv	неблестяще	adv	rule992(не + adv -> adv)	PFX
бережливо	adv	небережливо	adv	rule992(не + adv -> adv)	PFX
всюду	adv	повсюду	adv	rule993(по + adv -> adv)	PFX
удовлетворённо	adv	неудовлетворённо	adv	rule992(не + adv -> adv)	PFX
вразумительно	adv	невразумительно	adv	rule992(не + adv -> adv)	PFX
стройно	adv	нестройно	adv	rule992(не + adv -> adv)	PFX
бесталанно	adv	небесталанно	adv	rule992(не + adv -> adv)	PFX
дрянно	adv	дрянненько	adv	rule989(adv + онько -> adv)	SFX
кстати	adv	некстати	adv	rule992(не + adv -> adv)	PFX
равно	adv	неравно	adv	rule992(не + adv -> adv)	PFX
приемлемо	adv	неприемлемо	adv	rule992(не + adv -> adv)	PFX
охотно	adv	неохотно	adv	rule992(не + adv -> adv)	PFX
дальновидно	adv	недальновидно	adv	rule992(не + adv -> adv)	PFX
научно	adv	ненаучно	adv	rule992(не + adv -> adv)	PFX
многословно	adv	немногословно	adv	rule992(не + adv -> adv)	PFX
раз	adv	зараз	adv	rule993(за + adv -> adv)	PFX
ниже	adv	пониже	adv	rule993(по + adv -> adv)	PFX
обеспеченно	adv	необеспеченно	adv	rule992(не + adv -> adv)	PFX
любезно	adv	нелюбезно	adv	rule992(не + adv -> adv)	PFX
голубо	adv	голубовато	adv	rule988(adv + овато -> adv)	SFX
голубо	adv	голубенько	adv	rule989(adv + онько -> adv)	SFX
остроумно	adv	неостроумно	adv	rule992(не + adv -> adv)	PFX
смирно	adv	смирненько	adv	rule989(adv + онько -> adv)	SFX
полно	adv	полненько	adv	rule989(adv + онько -> adv)	SFX
полно	adv	неполно	adv	rule992(не + adv -> adv)	PFX
ощутительно	adv	неощутительно	adv	rule992(не + adv -> adv)	PFX
сыро	adv	сыровато	adv	rule988(adv + овато -> adv)	SFX
тупо	adv	туповато	adv	rule988(adv + овато -> adv)	SFX
резко	adv	резковато	adv	rule988(adv + овато -> adv)	SFX
уклончиво	adv	неуклончиво	adv	rule992(не + adv -> adv)	PFX
благожелательно	adv	неблагожелательно	adv	rule992(не + adv -> adv)	PFX
блистательно	adv	неблистательно	adv	rule992(не + adv -> adv)	PFX
расторопно	adv	нерасторопно	adv	rule992(не + adv -> adv)	PFX
понятливо	adv	непонятливо	adv	rule992(не + adv -> adv)	PFX
сутуло	adv	сутуловато	adv	rule988(adv + овато -> adv)	SFX
видимо	adv	невидимо	adv	rule992(не + adv -> adv)	PFX
одушевлённо	adv	воодушевлённо	adv	rule993(во + adv -> adv)	PFX
жидко	adv	жидковато	adv	rule988(adv + овато -> adv)	SFX
жидко	adv	жиденько	adv	rule989(adv + онько -> adv)	SFX
тихохонько	adv	потихохоньку	adv	rule1022(по + adv + у -> adv)	PFX,SFX
человечно	adv	нечеловечно	adv	rule992(не + adv -> adv)	PFX
натурально	adv	ненатурально	adv	rule992(не + adv -> adv)	PFX
человечески	adv	нечеловечески	adv	rule992(не + adv -> adv)	PFX
бесполезно	adv	небесполезно	adv	rule992(не + adv -> adv)	PFX
вдоль	adv	повдоль	adv	rule993(по + adv -> adv)	PFX
сопоставимо	adv	несопоставимо	adv	rule992(не + adv -> adv)	PFX
торопливо	adv	неторопливо	adv	rule992(не + adv -> adv)	PFX
чётко	adv	нечётко	adv	rule992(не + adv -> adv)	PFX
изящно	adv	неизящно	adv	rule992(не + adv -> adv)	PFX
тише	adv	потише	adv	rule993(по + adv -> adv)	PFX
убористо	adv	неубористо	adv	rule992(не + adv -> adv)	PFX
довольно	adv	недовольно	adv	rule992(не + adv -> adv)	PFX
обременительно	adv	необременительно	adv	rule992(не + adv -> adv)	PFX
математически	adv	нематематически	adv	rule992(не + adv -> adv)	PFX
бескорыстно	adv	небескорыстно	adv	rule992(не + adv -> adv)	PFX
ловко	adv	неловко	adv	rule992(не + adv -> adv)	PFX
важно	adv	неважно	adv	rule992(не + adv -> adv)	PFX
важно	adv	отважно	adv	rule993(от + adv -> adv)	PFX
предубеждённо	adv	непредубеждённо	adv	rule992(не + adv -> adv)	PFX
приятельски	adv	неприятельски	adv	rule992(не + adv -> adv)	PFX
скованно	adv	нескованно	adv	rule992(не + adv -> adv)	PFX
сухо	adv	суховато	adv	rule988(adv + овато -> adv)	SFX
сухо	adv	насухо	adv	rule993(на + adv -> adv)	PFX
сухо	adv	посуху	adv	rule1022(по + adv + у -> adv)	PFX,SFX
комплектно	adv	некомплектно	adv	rule992(не + adv -> adv)	PFX
суетно	adv	несуетно	adv	rule992(не + adv -> adv)	PFX
длинно	adv	длинновато	adv	rule988(adv + овато -> adv)	SFX
длинно	adv	подлинно	adv	rule993(по + adv -> adv)	PFX
благонамеренно	adv	неблагонамеренно	adv	rule992(не + adv -> adv)	PFX
традиционно	adv	нетрадиционно	adv	rule992(не + adv -> adv)	PFX
часто	adv	частенько	adv	rule989(adv + онько -> adv)	SFX
часто	adv	нечасто	adv	rule992(не + adv -> adv)	PFX
часто	adv	почасту	adv	rule1022(по + adv + у -> adv)	PFX,SFX
рачительно	adv	нерачительно	adv	rule992(не + adv -> adv)	PFX
путно	adv	непутно	adv	rule992(не + adv -> adv)	PFX
путно	adv	попутно	adv	rule993(по + adv -> adv)	PFX
осторожно	adv	осторожненько	adv	rule989(adv + онько -> adv)	SFX
осторожно	adv	неосторожно	adv	rule992(не + adv -> adv)	PFX
произвольно	adv	непроизвольно	adv	rule992(не + adv -> adv)	PFX
вкусно	adv	невкусно	adv	rule992(не + adv -> adv)	PFX
квалифицированно	adv	неквалифицированно	adv	rule992(не + adv -> adv)	PFX
эстетично	adv	неэстетично	adv	rule992(не + adv -> adv)	PFX
путём	adv	непутём	adv	rule992(не + adv -> adv)	PFX
справедливо	adv	несправедливо	adv	rule992(не + adv -> adv)	PFX
доброхотно	adv	недоброхотно	adv	rule992(не + adv -> adv)	PFX
посредственно	adv	непосредственно	adv	rule992(не + adv -> adv)	PFX
одаль	adv	поодаль	adv	rule993(по + adv -> adv)	PFX
скромно	adv	скромненько	adv	rule989(adv + онько -> adv)	SFX
скромно	adv	нескромно	adv	rule992(не + adv -> adv)	PFX
явно	adv	неявно	adv	rule992(не + adv -> adv)	PFX
машисто	adv	замашисто	adv	rule993(за + adv -> adv)	PFX
благоприятно	adv	неблагоприятно	adv	rule992(не + adv -> adv)	PFX
тривиально	adv	нетривиально	adv	rule992(не + adv -> adv)	PFX
холодно	adv	холодновато	adv	rule988(adv + овато -> adv)	SFX
жестоко	adv	жестоконько	adv	rule989(adv + онько -> adv)	SFX
многолюдно	adv	немноголюдно	adv	rule992(не + adv -> adv)	PFX
умеренно	adv	неумеренно	adv	rule992(не + adv -> adv)	PFX
улыбчиво	adv	неулыбчиво	adv	rule992(не + adv -> adv)	PFX
зелено	adv	зеленовато	adv	rule988(adv + овато -> adv)	SFX
солоно	adv	несолоно	adv	rule992(не + adv -> adv)	PFX
туго	adv	туговато	adv	rule988(adv + овато -> adv)	SFX
туго	adv	тугонько	adv	rule989(adv + онько -> adv)	SFX
туго	adv	нетуго	adv	rule992(не + adv -> adv)	PFX
туго	adv	натуго	adv	rule993(на + adv -> adv)	PFX
случайно	adv	неслучайно	adv	rule992(не + adv -> adv)	PFX
лично	adv	отлично	adv	rule993(от + adv -> adv)	PFX
значительно	adv	незначительно	adv	rule992(не + adv -> adv)	PFX
удобно	adv	неудобно	adv	rule992(не + adv -> adv)	PFX
жутко	adv	жутковато	adv	rule988(adv + овато -> adv)	SFX
оперативно	adv	неоперативно	adv	rule992(не + adv -> adv)	PFX
маленечко	adv	помаленечку	adv	rule1022(по + adv + у -> adv)	PFX,SFX
буднично	adv	небуднично	adv	rule992(не + adv -> adv)	PFX
благоразумно	adv	неблагоразумно	adv	rule992(не + adv -> adv)	PFX
точно	adv	неточно	adv	rule992(не + adv -> adv)	PFX
точно	adv	поточно	adv	rule993(по + adv -> adv)	PFX
последовательно	adv	непоследовательно	adv	rule992(не + adv -> adv)	PFX
боязливо	adv	небоязливо	adv	rule992(не + adv -> adv)	PFX
долговременно	adv	недолговременно	adv	rule992(не + adv -> adv)	PFX
уверенно	adv	неуверенно	adv	rule992(не + adv -> adv)	PFX
уверенно	adv	суверенно	adv	rule993(с + adv -> adv)	PFX
ощутимо	adv	неощутимо	adv	rule992(не + adv -> adv)	PFX
лайтово	adv	лайтовенько	adv	rule989(adv + онько -> adv)	SFX
странно	adv	странновато	adv	rule988(adv + овато -> adv)	SFX
обдуманно	adv	необдуманно	adv	rule992(не + adv -> adv)	PFX
сходно	adv	несходно	adv	rule992(не + adv -> adv)	PFX
дружелюбно	adv	недружелюбно	adv	rule992(не + adv -> adv)	PFX
дружественно	adv	недружественно	adv	rule992(не + adv -> adv)	PFX
осязаемо	adv	неосязаемо	adv	rule992(не + adv -> adv)	PFX
жарко	adv	жарковато	adv	rule988(adv + овато -> adv)	SFX
жарко	adv	жарконько	adv	rule989(adv + онько -> adv)	SFX
жарко	adv	нежарко	adv	rule992(не + adv -> adv)	PFX
различимо	adv	неразличимо	adv	rule992(не + adv -> adv)	PFX
спокойно	adv	неспокойно	adv	rule992(не + adv -> adv)	PFX
черно	adv	начерно	adv	rule993(на + adv -> adv)	PFX
зримо	adv	незримо	adv	rule992(не + adv -> adv)	PFX
производительно	adv	непроизводительно	adv	rule992(не + adv -> adv)	PFX
лояльно	adv	нелояльно	adv	rule992(не + adv -> adv)	PFX
одобрительно	adv	неодобрительно	adv	rule992(не + adv -> adv)	PFX
уж	adv	ужак	noun	rule440(noun + ак -> noun)	SFX
экономно	adv	неэкономно	adv	rule992(не + adv -> adv)	PFX
срочно	adv	досрочно	adv	rule993(до + adv -> adv)	PFX
бодро	adv	бодренько	adv	rule989(adv + онько -> adv)	SFX
любовно	adv	полюбовно	adv	rule993(по + adv -> adv)	PFX
складно	adv	складненько	adv	rule989(adv + онько -> adv)	SFX
складно	adv	нескладно	adv	rule992(не + adv -> adv)	PFX
дорого	adv	дороговато	adv	rule988(adv + овато -> adv)	SFX
дорого	adv	дорогонько	adv	rule989(adv + онько -> adv)	SFX
дорого	adv	недорого	adv	rule992(не + adv -> adv)	PFX
дорого	adv	задорого	adv	rule993(за + adv -> adv)	PFX
чистоплотно	adv	нечистоплотно	adv	rule992(не + adv -> adv)	PFX
шумно	adv	нешумно	adv	rule992(не + adv -> adv)	PFX
нудно	adv	занудно	adv	rule993(за + adv -> adv)	PFX
гуманно	adv	негуманно	adv	rule992(не + adv -> adv)	PFX
цветасто	adv	цветастенько	adv	rule989(adv + онько -> adv)	SFX
достойно	adv	недостойно	adv	rule992(не + adv -> adv)	PFX
издетства	adv	сыздетства	adv	rule993(с + adv -> adv)	PFX
воспитанно	adv	невоспитанно	adv	rule992(не + adv -> adv)	PFX
лицеприятно	adv	нелицеприятно	adv	rule992(не + adv -> adv)	PFX
гармонично	adv	негармонично	adv	rule992(не + adv -> adv)	PFX
цивилизованно	adv	нецивилизованно	adv	rule992(не + adv -> adv)	PFX
коммутативно	adv	некоммутативно	adv	rule992(не + adv -> adv)	PFX
горько	adv	горьковато	adv	rule988(adv + овато -> adv)	SFX
горько	adv	горьконько	adv	rule989(adv + онько -> adv)	SFX
горько	adv	горькохонько	adv	rule990(adv + охонько -> adv)	SFX
едино	adv	воедино	adv	rule993(во + adv -> adv)	PFX
едино	adv	заедино	adv	rule993(за + adv -> adv)	PFX
пристрастно	adv	непристрастно	adv	rule992(не + adv -> adv)	PFX
творчески	adv	нетворчески	adv	rule992(не + adv -> adv)	PFX
рядком	adv	порядком	adv	rule993(по + adv -> adv)	PFX
удачно	adv	неудачно	adv	rule992(не + adv -> adv)	PFX
дымно	adv	дымновато	adv	rule988(adv + овато -> adv)	SFX
гласно	adv	негласно	adv	rule992(не + adv -> adv)	PFX
шаблонно	adv	нешаблонно	adv	rule992(не + adv -> adv)	PFX
густо	adv	густовато	adv	rule988(adv + овато -> adv)	SFX
густо	adv	густенько	adv	rule989(adv + онько -> adv)	SFX
густо	adv	негусто	adv	rule992(не + adv -> adv)	PFX
белесо	adv	белесовато	adv	rule988(adv + овато -> adv)	SFX
оскорбительно	adv	неоскорбительно	adv	rule992(не + adv -> adv)	PFX
поздно	adv	поздновато	adv	rule988(adv + овато -> adv)	SFX
поздно	adv	поздненько	adv	rule989(adv + онько -> adv)	SFX
поздно	adv	запоздно	adv	rule993(за + adv -> adv)	PFX
волей	adv	неволей	adv	rule992(не + adv -> adv)	PFX
лево	adv	налево	adv	rule993(на + adv -> adv)	PFX
отменно	adv	неотменно	adv	rule992(не + adv -> adv)	PFX
гладко	adv	гладенько	adv	rule989(adv + онько -> adv)	SFX
гладко	adv	негладко	adv	rule992(не + adv -> adv)	PFX
кисло	adv	кисловато	adv	rule988(adv + овато -> adv)	SFX
кисло	adv	кисленько	adv	rule989(adv + онько -> adv)	SFX
медленно	adv	немедленно	adv	rule992(не + adv -> adv)	PFX
медленно	adv	замедленно	adv	rule993(за + adv -> adv)	PFX
соответственно	adv	несоответственно	adv	rule992(не + adv -> adv)	PFX
чистосердечно	adv	нечистосердечно	adv	rule992(не + adv -> adv)	PFX
легко	adv	легковато	adv	rule988(adv + овато -> adv)	SFX
легко	adv	легонько	adv	rule989(adv + онько -> adv)	SFX
легко	adv	легохонько	adv	rule990(adv + охонько -> adv)	SFX
легко	adv	нелегко	adv	rule992(не + adv -> adv)	PFX
стеснительно	adv	нестеснительно	adv	rule992(не + adv -> adv)	PFX
поперёк	adv	напоперёк	adv	rule993(на + adv -> adv)	PFX
рядом	adv	рядышком	adv	rule991(adv + ком -> adv)	SFX
праведно	adv	неправедно	adv	rule992(не + adv -> adv)	PFX
всечасно	adv	повсечасно	adv	rule993(по + adv -> adv)	PFX
комфортно	adv	некомфортно	adv	rule992(не + adv -> adv)	PFX
тепло	adv	тепленько	adv	rule989(adv + онько -> adv)	SFX
тепло	adv	затепло	adv	rule993(за + adv -> adv)	PFX
немножечко	adv	понемножечку	adv	rule1022(по + adv + у -> adv)	PFX,SFX
стильно	adv	настильно	adv	rule993(на + adv -> adv)	PFX
безрассудно	adv	небезрассудно	adv	rule992(не + adv -> adv)	PFX
своевременно	adv	несвоевременно	adv	rule992(не + adv -> adv)	PFX
высоко	adv	высоковато	adv	rule988(adv + овато -> adv)	SFX
высоко	adv	высоконько	adv	rule989(adv + онько -> adv)	SFX
высоко	adv	невысоко	adv	rule992(не + adv -> adv)	PFX
ровно	adv	ровненько	adv	rule989(adv + онько -> adv)	SFX
ровно	adv	неровно	adv	rule992(не + adv -> adv)	PFX
ровно	adv	поровну	adv	rule1022(по + adv + у -> adv)	PFX,SFX
хитро	adv	хитровато	adv	rule988(adv + овато -> adv)	SFX
хитро	adv	хитренько	adv	rule989(adv + онько -> adv)	SFX
хитро	adv	нехитро	adv	rule992(не + adv -> adv)	PFX
ласково	adv	неласково	adv	rule992(не + adv -> adv)	PFX
безуспешно	adv	небезуспешно	adv	rule992(не + adv -> adv)	PFX
затейливо	adv	незатейливо	adv	rule992(не + adv -> adv)	PFX
связно	adv	несвязно	adv	rule992(не + adv -> adv)	PFX
вкось	adv	навкось	adv	rule993(на + adv -> adv)	PFX
современно	adv	несовременно	adv	rule992(не + adv -> adv)	PFX
чувствительно	adv	нечувствительно	adv	rule992(не + adv -> adv)	PFX
предвзято	adv	непредвзято	adv	rule992(не + adv -> adv)	PFX
впопад	adv	невпопад	adv	rule992(не + adv -> adv)	PFX
выразительно	adv	невыразительно	adv	rule992(не + adv -> adv)	PFX
согласованно	adv	несогласованно	adv	rule992(не + adv -> adv)	PFX
благородно	adv	неблагородно	adv	rule992(не + adv -> adv)	PFX
дёшево	adv	недёшево	adv	rule992(не + adv -> adv)	PFX
дёшево	adv	задёшево	adv	rule993(за + adv -> adv)	PFX
душевно	adv	задушевно	adv	rule993(за + adv -> adv)	PFX
против	adv	напротив	adv	rule993(на + adv -> adv)	PFX
преднамеренно	adv	непреднамеренно	adv	rule992(не + adv -> adv)	PFX
безопасно	adv	небезопасно	adv	rule992(не + adv -> adv)	PFX
валом	adv	навалом	adv	rule993(на + adv -> adv)	PFX
намеренно	adv	ненамеренно	adv	rule992(не + adv -> adv)	PFX
читабельно	adv	нечитабельно	adv	rule992(не + adv -> adv)	PFX
реалистично	adv	нереалистично	adv	rule992(не + adv -> adv)	PFX
морозно	adv	изморозно	adv	rule993(из + adv -> adv)	PFX
эквивалентно	adv	неэквивалентно	adv	rule992(не + adv -> adv)	PFX
предсказуемо	adv	непредсказуемо	adv	rule992(не + adv -> adv)	PFX
здорово	adv	нездорово	adv	rule992(не + adv -> adv)	PFX
подряд	adv	сподряд	adv	rule993(с + adv -> adv)	PFX
свеже	adv	свежевато	adv	rule988(adv + овато -> adv)	SFX
усидчиво	adv	неусидчиво	adv	rule992(не + adv -> adv)	PFX
извека	adv	сызвека	adv	rule993(с + adv -> adv)	PFX
правильно	adv	неправильно	adv	rule992(не + adv -> adv)	PFX
благопристойно	adv	неблагопристойно	adv	rule992(не + adv -> adv)	PFX
энергично	adv	неэнергично	adv	rule992(не + adv -> adv)	PFX
расчётливо	adv	нерасчётливо	adv	rule992(не + adv -> adv)	PFX
конкретно	adv	неконкретно	adv	rule992(не + adv -> adv)	PFX
осмысленно	adv	неосмысленно	adv	rule992(не + adv -> adv)	PFX
этически	adv	поэтически	adv	rule993(по + adv -> adv)	PFX
слышно	adv	неслышно	adv	rule992(не + adv -> adv)	PFX
меньше	adv	поменьше	adv	rule993(по + adv -> adv)	PFX
просительно	adv	вопросительно	adv	rule993(во + adv -> adv)	PFX
глупо	adv	глуповато	adv	rule988(adv + овато -> adv)	SFX
глупо	adv	неглупо	adv	rule992(не + adv -> adv)	PFX
спешно	adv	неспешно	adv	rule992(не + adv -> adv)	PFX
спешно	adv	поспешно	adv	rule993(по + adv -> adv)	PFX
ходко	adv	неходко	adv	rule992(не + adv -> adv)	PFX
сообразно	adv	несообразно	adv	rule992(не + adv -> adv)	PFX
бледно	adv	бледновато	adv	rule988(adv + овато -> adv)	SFX
выше	adv	повыше	adv	rule993(по + adv -> adv)	PFX
выше	adv	свыше	adv	rule993(с + adv -> adv)	PFX
близко	adv	близенько	adv	rule989(adv + онько -> adv)	SFX
близко	adv	неблизко	adv	rule992(не + adv -> adv)	PFX
прочь	adv	непрочь	adv	rule992(не + adv -> adv)	PFX
прочь	adv	напрочь	adv	rule993(на + adv -> adv)	PFX
сложно	adv	несложно	adv	rule992(не + adv -> adv)	PFX
зрело	adv	незрело	adv	rule992(не + adv -> adv)	PFX
задолго	adv	незадолго	adv	rule992(не + adv -> adv)	PFX
сбалансированно	adv	несбалансированно	adv	rule992(не + adv -> adv)	PFX
обще	adv	вообще	adv	rule993(во + adv -> adv)	PFX
скверно	adv	скверненько	adv	rule989(adv + онько -> adv)	SFX
вредно	adv	невредно	adv	rule992(не + adv -> adv)	PFX
вольно	adv	невольно	adv	rule992(не + adv -> adv)	PFX
вольно	adv	довольно	adv	rule993(до + adv -> adv)	PFX
вольно	adv	повольно	adv	rule993(по + adv -> adv)	PFX
сыто	adv	сытенько	adv	rule989(adv + онько -> adv)	SFX
давно	adv	давненько	adv	rule989(adv + онько -> adv)	SFX
давно	adv	недавно	adv	rule992(не + adv -> adv)	PFX
давно	adv	подавно	adv	rule993(по + adv -> adv)	PFX
минутно	adv	поминутно	adv	rule993(по + adv -> adv)	PFX
почтительно	adv	непочтительно	adv	rule992(не + adv -> adv)	PFX
чутко	adv	нечутко	adv	rule992(не + adv -> adv)	PFX
глухо	adv	глуховато	adv	rule988(adv + овато -> adv)	SFX
глухо	adv	наглухо	adv	rule993(на + adv -> adv)	PFX
тихо	adv	тихенько	adv	rule989(adv + онько -> adv)	SFX
тихо	adv	тихонько	adv	rule989(adv + онько -> adv)	SFX
тихо	adv	тихохонько	adv	rule990(adv + охонько -> adv)	SFX
милосердно	adv	немилосердно	adv	rule992(не + adv -> adv)	PFX
мало	adv	маловато	adv	rule988(adv + овато -> adv)	SFX
мало	adv	маленько	adv	rule989(adv + онько -> adv)	SFX
мало	adv	немало	adv	rule992(не + adv -> adv)	PFX
мало	adv	помалу	adv	rule1022(по + adv + у -> adv)	PFX,SFX
пропорционально	adv	непропорционально	adv	rule992(не + adv -> adv)	PFX
слабо	adv	слабовато	adv	rule988(adv + овато -> adv)	SFX
слабо	adv	неслабо	adv	rule992(не + adv -> adv)	PFX
профессионально	adv	непрофессионально	adv	rule992(не + adv -> adv)	PFX
дальше	adv	подальше	adv	rule993(по + adv -> adv)	PFX
подле	adv	подловато	adv	rule988(adv + овато -> adv)	SFX
подле	adv	подленько	adv	rule989(adv + онько -> adv)	SFX
завтра	adv	послезавтра	noun	rule993(после + adv -> adv)	PFX
завтра	adv	назавтра	adv	rule993(на + adv -> adv)	PFX
завтра	adv	послезавтра	adv	rule993(после + adv -> adv)	PFX
прогредиентно	adv	непрогредиентно	adv	rule992(не + adv -> adv)	PFX
тактично	adv	нетактично	adv	rule992(не + adv -> adv)	PFX
ранее	adv	заранее	adv	rule993(за + adv -> adv)	PFX
смешливо	adv	насмешливо	adv	rule993(на + adv -> adv)	PFX
примитивно	adv	примитивненько	adv	rule989(adv + онько -> adv)	SFX
сносно	adv	несносно	adv	rule992(не + adv -> adv)	PFX
взрыд	adv	навзрыд	adv	rule993(на + adv -> adv)	PFX
зло	adv	незло	adv	rule992(не + adv -> adv)	PFX
зло	adv	назло	adv	rule993(на + adv -> adv)	PFX
даром	adv	недаром	adv	rule992(не + adv -> adv)	PFX
даром	adv	задаром	adv	rule993(за + adv -> adv)	PFX
доброжелательно	adv	недоброжелательно	adv	rule992(не + adv -> adv)	PFX
тошно	adv	дотошно	adv	rule993(до + adv -> adv)	PFX
тошно	adv	истошно	adv	rule993(из + adv -> adv)	PFX
тесно	adv	тесновато	adv	rule988(adv + овато -> adv)	SFX
тесно	adv	тесненько	adv	rule989(adv + онько -> adv)	SFX
вовсе	adv	навовсе	adv	rule993(на + adv -> adv)	PFX
надолго	adv	ненадолго	adv	rule992(не + adv -> adv)	PFX
доле	adv	подоле	adv	rule993(по + adv -> adv)	PFX
прерывно	adv	непрерывно	adv	rule992(не + adv -> adv)	PFX
правдиво	adv	неправдиво	adv	rule992(не + adv -> adv)	PFX
стойко	adv	нестойко	adv	rule992(не + adv -> adv)	PFX
презентабельно	adv	непрезентабельно	adv	rule992(не + adv -> adv)	PFX
вяло	adv	вяловато	adv	rule988(adv + овато -> adv)	SFX
пристойно	adv	непристойно	adv	rule992(не + adv -> adv)	PFX
трудно	adv	трудновато	adv	rule988(adv + овато -> adv)	SFX
порядочно	adv	непорядочно	adv	rule992(не + adv -> adv)	PFX
благозвучно	adv	неблагозвучно	adv	rule992(не + adv -> adv)	PFX
дуром	adv	недуром	adv	rule992(не + adv -> adv)	PFX
принуждённо	adv	непринуждённо	adv	rule992(не + adv -> adv)	PFX
лениво	adv	ленивенько	adv	rule989(adv + онько -> adv)	SFX
противоречиво	adv	непротиворечиво	adv	rule992(не + adv -> adv)	PFX
столь	adv	настоль	adv	rule993(на + adv -> adv)	PFX
решительно	adv	нерешительно	adv	rule992(не + adv -> adv)	PFX
наружи	adv	снаружи	adv	rule993(с + adv -> adv)	PFX
благоустроенно	adv	неблагоустроенно	adv	rule992(не + adv -> adv)	PFX
реально	adv	нереально	adv	rule992(не + adv -> adv)	PFX
намного	adv	ненамного	adv	rule992(не + adv -> adv)	PFX
уловимо	adv	неуловимо	adv	rule992(не + adv -> adv)	PFX
уважительно	adv	неуважительно	adv	rule992(не + adv -> adv)	PFX
грамотно	adv	неграмотно	adv	rule992(не + adv -> adv)	PFX
прихотливо	adv	неприхотливо	adv	rule992(не + adv -> adv)	PFX
далеко	adv	далековато	adv	rule988(adv + овато -> adv)	SFX
далеко	adv	далеконько	adv	rule989(adv + онько -> adv)	SFX
далеко	adv	недалеко	adv	rule992(не + adv -> adv)	PFX
притязательно	adv	непритязательно	adv	rule992(не + adv -> adv)	PFX
явственно	adv	неявственно	adv	rule992(не + adv -> adv)	PFX
весомо	adv	невесомо	adv	rule992(не + adv -> adv)	PFX
престижно	adv	непрестижно	adv	rule992(не + adv -> adv)	PFX
перво	adv	наперво	adv	rule993(на + adv -> adv)	PFX
легитимно	adv	нелегитимно	adv	rule992(не + adv -> adv)	PFX
подло	adv	подловато	adv	rule988(adv + овато -> adv)	SFX
подло	adv	подленько	adv	rule989(adv + онько -> adv)	SFX
совсем	adv	насовсем	adv	rule993(на + adv -> adv)	PFX
мягко	adv	мягковато	adv	rule988(adv + овато -> adv)	SFX
мягко	adv	мягонько	adv	rule989(adv + онько -> adv)	SFX
мягко	adv	мягенько	adv	rule989(adv + онько -> adv)	SFX
правомерно	adv	неправомерно	adv	rule992(не + adv -> adv)	PFX
голодно	adv	голодновато	adv	rule988(adv + овато -> adv)	SFX
голодно	adv	голодненько	adv	rule989(adv + онько -> adv)	SFX
обыкновенно	adv	необыкновенно	adv	rule992(не + adv -> adv)	PFX
мыслимо	adv	немыслимо	adv	rule992(не + adv -> adv)	PFX
красиво	adv	некрасиво	adv	rule992(не + adv -> adv)	PFX
соизмеримо	adv	несоизмеримо	adv	rule992(не + adv -> adv)	PFX
скучно	adv	скучновато	adv	rule988(adv + овато -> adv)	SFX
скучно	adv	нескучно	adv	rule992(не + adv -> adv)	PFX
внятно	adv	невнятно	adv	rule992(не + adv -> adv)	PFX
слепо	adv	слеповато	adv	rule988(adv + овато -> adv)	SFX
педагогично	adv	непедагогично	adv	rule992(не + adv -> adv)	PFX
этично	adv	неэтично	adv	rule992(не + adv -> adv)	PFX
этично	adv	поэтично	adv	rule993(по + adv -> adv)	PFX
аккуратно	adv	аккуратненько	adv	rule989(adv + онько -> adv)	SFX
аккуратно	adv	неаккуратно	adv	rule992(не + adv -> adv)	PFX
немножко	adv	понемножку	adv	rule1022(по + adv + у -> adv)	PFX,SFX
напрасно	adv	занапрасно	adv	rule993(за + adv -> adv)	PFX
напрасно	adv	понапрасну	adv	rule1022(по + adv + у -> adv)	PFX,SFX
силком	adv	насилком	adv	rule993(на + adv -> adv)	PFX
лётом	adv	налётом	adv	rule993(на + adv -> adv)	PFX
подлинно	adv	доподлинно	adv	rule993(до + adv -> adv)	PFX
ныне	adv	доныне	adv	rule993(до + adv -> adv)	PFX
ныне	adv	поныне	adv	rule993(по + adv -> adv)	PFX
ныне	adv	отныне	adv	rule993(от + adv -> adv)	PFX
низко	adv	низковато	adv	rule988(adv + овато -> adv)	SFX
низко	adv	низенько	adv	rule989(adv + онько -> adv)	SFX
дешевле	adv	подешевле	adv	rule993(по + adv -> adv)	PFX
ближе	adv	поближе	adv	rule993(по + adv -> adv)	PFX
одинаково	adv	неодинаково	adv	rule992(не + adv -> adv)	PFX
светло	adv	засветло	adv	rule993(за + adv -> adv)	PFX
членораздельно	adv	нечленораздельно	adv	rule992(не + adv -> adv)	PFX
экономично	adv	неэкономично	adv	rule992(не + adv -> adv)	PFX
быстрее	adv	побыстрее	adv	rule993(по + adv -> adv)	PFX
солидно	adv	несолидно	adv	rule992(не + adv -> adv)	PFX
разительно	adv	заразительно	adv	rule993(за + adv -> adv)	PFX
разительно	adv	поразительно	adv	rule993(по + adv -> adv)	PFX
позволительно	adv	непозволительно	adv	rule992(не + adv -> adv)	PFX
результативно	adv	нерезультативно	adv	rule992(не + adv -> adv)	PFX
стыло	adv	застыло	adv	rule993(за + adv -> adv)	PFX
умело	adv	неумело	adv	rule992(не + adv -> adv)	PFX
обильно	adv	изобильно	adv	rule993(из + adv -> adv)	PFX
искусно	adv	неискусно	adv	rule992(не + adv -> adv)	PFX
круто	adv	крутовато	adv	rule988(adv + овато -> adv)	SFX
круто	adv	крутенько	adv	rule989(adv + онько -> adv)	SFX
позже	adv	попозже	adv	rule993(по + adv -> adv)	PFX
благотворно	adv	неблаготворно	adv	rule992(не + adv -> adv)	PFX
безнадёжно	adv	небезнадёжно	adv	rule992(не + adv -> adv)	PFX
рассудительно	adv	нерассудительно	adv	rule992(не + adv -> adv)	PFX
сменно	adv	посменно	adv	rule993(по + adv -> adv)	PFX
право	adv	неправо	adv	rule992(не + adv -> adv)	PFX
право	adv	направо	adv	rule993(на + adv -> adv)	PFX
спроста	adv	неспроста	adv	rule992(не + adv -> adv)	PFX
серьёзно	adv	несерьёзно	adv	rule992(не + adv -> adv)	PFX
чаще	adv	почаще	adv	rule993(по + adv -> adv)	PFX
послушно	adv	непослушно	adv	rule992(не + adv -> adv)	PFX
эффективно	adv	неэффективно	adv	rule992(не + adv -> adv)	PFX
безобидно	adv	небезобидно	adv	rule992(не + adv -> adv)	PFX
сговорчиво	adv	несговорчиво	adv	rule992(не + adv -> adv)	PFX
обычно	adv	необычно	adv	rule992(не + adv -> adv)	PFX
ладно	adv	ладненько	adv	rule989(adv + онько -> adv)	SFX
ладно	adv	неладно	adv	rule992(не + adv -> adv)	PFX
взаправду	adv	невзаправду	adv	rule992(не + adv -> adv)	PFX
недорого	adv	занедорого	adv	rule993(за + adv -> adv)	PFX
строго	adv	строгонько	adv	rule989(adv + онько -> adv)	SFX
строго	adv	нестрого	adv	rule992(не + adv -> adv)	PFX
строго	adv	настрого	adv	rule993(на + adv -> adv)	PFX
авантажно	adv	неавантажно	adv	rule992(не + adv -> adv)	PFX
осмотрительно	adv	неосмотрительно	adv	rule992(не + adv -> adv)	PFX
нормально	adv	ненормально	adv	rule992(не + adv -> adv)	PFX
живо	adv	живенько	adv	rule989(adv + онько -> adv)	SFX
живо	adv	заживо	adv	rule993(за + adv -> adv)	PFX
комплексно	adv	некомплексно	adv	rule992(не + adv -> adv)	PFX
скоро	adv	скоренько	adv	rule989(adv + онько -> adv)	SFX
скоро	adv	нескоро	adv	rule992(не + adv -> adv)	PFX
скоро	adv	наскоро	adv	rule993(на + adv -> adv)	PFX
милостиво	adv	немилостиво	adv	rule992(не + adv -> adv)	PFX
аппетитно	adv	неаппетитно	adv	rule992(не + adv -> adv)	PFX
дарма	adv	задарма	adv	rule993(за + adv -> adv)	PFX
отчётливо	adv	неотчётливо	adv	rule992(не + adv -> adv)	PFX
очно	adv	заочно	adv	rule993(за + adv -> adv)	PFX
очно	adv	сочно	adv	rule993(с + adv -> adv)	PFX
